slug,brand,industry,filing_year,filing_state,age_years,n19,n20
1-800-water-damage,1-800 WATER DAMAGE,home-services-restoration,2026,WI,0,10,119
1-800-packouts,1-800-PACKOUTS,home-services-moving,2026,WI,0,4,117
9round,9Round,,2026,MN,0,0,147
a-w,A&W,food-quick-service,2026,MN,0,19,120
afc,AFC,,2026,MN,0,25,9
anytime-fitness,ANYTIME FITNESS,fitness-wellness,2026,WI,0,0,159
ace-handyman-services,Ace Handyman Services,home-services-handyman,2026,WI,0,24,156
aire-serv,Aire Serv,home-services-hvac,2026,WI,0,7,144
alphagraphics,AlphaGraphics,,2026,WI,0,13,135
amazing-athletes,Amazing Athletes,,2026,MN,0,69,114
anago,Anago,home-services-cleaning,2026,WI,0,11,4
angry-crab-shack,Angry Crab Shack,,2026,MN,0,30,30
any-lab-test-now,Any Lab Test Now,,2026,MN,0,7,117
apricot-lane-boutique,Apricot Lane Boutique,,2026,MN,0,4,132
archadeck-outdoor-living,Archadeck Outdoor Living,home-services-outdoor,2026,WI,0,8,108
assisting-hands,Assisting Hands,home-services-senior-care,2026,WI,0,93,96
aussie-pet-mobile,Aussie Pet Mobile,pet-services,2026,WI,0,0,0
biggby-coffee,BIGGBY COFFEE,food-quick-service,2026,WI,0,25,51
blue-kangaroo-packoutz,BLUE KANGAROO PACKOUTZ,home-services-moving,2026,WI,0,0,126
bumble-roofing,BUMBLE ROOFING,home-services-roofing,2026,WI,0,0,44
burger-king,BURGER KING,food-quick-service,2026,WI,0,0,162
baja-fresh,Baja Fresh,,2026,MN,0,3,63
bamb,Bambū,,2026,WI,0,0,87
bark-busters,Bark Busters,,2026,MN,0,4,117
baskin-robbins,Baskin-Robbins,,2026,WI,0,5,135
batteries-plus,Batteries Plus,,2026,MN,0,98,162
beard-papa-s,Beard Papa's,,2026,MN,0,0,63
benjamin-franklin-plumbing,Benjamin Franklin Plumbing,home-services-plumbing,2026,WI,0,13,120
better-homes-and-gardens-real-estate,Better Homes and Gardens Real Estate,real-estate,2026,WI,0,0,153
bin-blasters,Bin Blasters,home-services-cleaning,2026,WI,0,0,42
bio-one,Bio-One,home-services-painting,2026,MN,0,17,153
bishops,Bishops,,2026,MN,0,4,57
black-bear-diner,Black Bear Diner,,2026,MN,0,30,48
blimpie,Blimpie,,2026,MN,0,0,108
bluefrog-plumbing-drain,BlueFrog Plumbing & Drain,home-services-plumbing,2026,WI,0,0,69
break-coffee-co,Break Coffee Co.,food-quick-service,2026,MN,0,29,33
brightstar-care,BrightStar Care,home-services-senior-care,2026,MN,0,44,132
brightway-insurance,Brightway Insurance,,2026,WI,0,12,129
bruster-s-real-ice-cream,Bruster's Real Ice Cream,food-quick-service,2026,MN,0,42,87
budget-blinds,Budget Blinds,home-services-remodeling,2026,WI,0,6,20
buffalo-wild-wings,Buffalo Wild Wings,,2026,WI,0,5,126
bumble-bee-blinds,Bumble Bee Blinds,home-services-remodeling,2026,WI,0,8,81
century-21,CENTURY 21,real-estate,2026,WI,0,0,165
cmit-solutions,CMIT Solutions,tech-services,2026,WI,0,16,129
conserva-irrigation,CONSERVA IRRIGATION®,home-services-outdoor,2026,WI,0,25,111
california-pizza-kitchen,California Pizza Kitchen,food-quick-service,2026,MN,0,0,30
camp-bow-wow,Camp Bow Wow,,2026,WI,0,0,138
card-my-yard,Card My Yard,,2026,MN,0,37,147
carepatrol,CarePatrol,home-services-senior-care,2026,WI,0,24,117
caribou-coffee,Caribou Coffee,food-quick-service,2026,WI,0,0,72
carvel,Carvel,,2026,WI,0,5,87
certapro-painters,CertaPro Painters,home-services-painting,2026,WI,0,0,144
champps-kitchen-bar,Champps Kitchen + Bar,home-services-remodeling,2026,MN,0,0,18
charles-schwab,Charles Schwab,,2026,MN,0,51,123
charleys,Charleys,,2026,WI,0,6,153
cheba-hut,Cheba Hut,,2026,MN,0,29,69
chem-dry,Chem-Dry,home-services-cleaning,2026,WI,0,0,159
chick-fil-a,Chick-fil-A,food-quick-service,2026,MN,0,2,294
chicken-salad-chick,Chicken Salad Chick,food-quick-service,2026,MN,0,46,78
chiroway,ChiroWay,home-services-senior-care,2026,WI,0,0,27
christian-brothers-automotive,Christian Brothers Automotive,automotive-services,2026,WI,0,5,99
cinnabon,Cinnabon,,2026,WI,0,15,159
city-lifestyle,City Lifestyle,,2026,MN,0,40,129
city-wide,City Wide,home-services-cleaning,2026,WI,0,26,120
clear-pest-pros,Clear Pest Pros,home-services-handyman,2026,WI,0,0,18
closet-storage-concepts,Closet & Storage Concepts,home-services-remodeling,2026,MN,0,1,36
closets-by-design,Closets by Design,home-services-remodeling,2026,WI,0,12,111
cold-stone-creamery,Cold Stone Creamery,,2026,MN,0,3,90
coldwell-banker-commercial,Coldwell Banker Commercial®,real-estate,2026,WI,0,0,129
college-hunks-hauling-junk-moving,College Hunks Hauling Junk & Moving,home-services-moving,2026,WI,0,26,135
comforcare,ComForCare,home-services-senior-care,2026,WI,0,8,117
comfort,Comfort,hospitality,2026,MN,0,30,162
compass-by-margaritaville,Compass by Margaritaville,,2026,WI,0,0,21
cookie-cutters,Cookie Cutters,food-quick-service,2026,WI,0,6,96
coverall,Coverall,home-services-cleaning,2026,MN,0,5,150
cruiseone,CruiseOne,,2026,MN,0,12,165
cupbop,Cupbop,,2026,MN,0,15,30
dq-grill-chill,DQ Grill & Chill,food-quick-service,2026,WI,0,24,141
ductz,DUCTZ,home-services-hvac,2026,WI,0,10,90
days-inn,Days Inn,hospitality,2026,WI,0,0,162
ding-tea,Ding Tea,food-quick-service,2026,MN,0,0,81
dogtopia,Dogtopia,,2026,WI,0,17,123
domino-s-pizza,Domino's Pizza,food-quick-service,2026,WI,0,15,168
drybar,Drybar,,2026,WI,0,12,135
dryer-vent-wizard,Dryer Vent Wizard,home-services-cleaning,2026,WI,0,7,132
dumpster-dudez,Dumpster Dudez,home-services-moving,2026,WI,0,15,93
dunkin,Dunkin',food-quick-service,2026,WI,0,17,144
eos-worldwide,EOS Worldwide,,2026,MN,0,22,165
elements-massage,Elements Massage,fitness-wellness,2026,WI,0,28,111
engel-v-lkers,Engel & Völkers,,2026,WI,0,0,138
european-wax-center,European Wax Center,,2026,WI,0,6,162
executive-home-care,Executive Home Care,home-services-senior-care,2026,WI,0,15,43
express-employment-professionals,Express Employment Professionals,staffing-employment,2026,WI,0,27,153
eye-level-learning-center,Eye Level Learning Center,education,2026,MN,0,0,60
f45-training,F45 Training,fitness-wellness,2026,MN,0,8,150
fastsigns,FASTSIGNS,,2026,WI,0,0,150
fish-window-cleaning,FISH WINDOW CLEANING,home-services-cleaning,2026,WI,0,33,141
five-star-painting,FIVE STAR PAINTING,home-services-painting,2026,WI,0,10,132
famous-dave-s,Famous Dave's,,2026,MN,0,3,99
fit-body-boot-camp,Fit Body Boot Camp,,2026,MN,0,0,153
five-star-bath-solutions,Five Star Bath Solutions,home-services-remodeling,2026,WI,0,0,129
floorcoverings-international,Floorcoverings International,home-services-remodeling,2026,WI,0,55,147
frenchies,Frenchies,,2026,MN,0,12,0
garageexperts,GarageExperts,home-services-remodeling,2026,WI,0,4,120
glass-doctor,Glass Doctor,home-services-handyman,2026,WI,0,6,129
godfather-s-pizza,Godfather's Pizza,food-quick-service,2026,MN,0,0,132
goosehead-insurance,Goosehead Insurance,,2026,WI,0,0,150
gotcha-covered,Gotcha Covered,home-services-remodeling,2026,WI,0,10,132
grassroots-turf,GrassRoots Turf,home-services-outdoor,2026,WI,0,0,27
grease-monkey,Grease Monkey,,2026,MN,0,57,111
great-clips,Great Clips,salon-beauty,2026,WI,0,15,162
great-steak,Great Steak,food-quick-service,2026,MN,0,1,57
griswold,Griswold,home-services-senior-care,2026,WI,0,0,138
home-care-advocacy-network,HOME CARE ADVOCACY NETWORK,home-services-senior-care,2026,WI,0,1,9
hoodz,HOODZ,home-services-cleaning,2026,WI,0,18,114
hotworx,HOTWORX,,2026,MN,0,6,144
hampton-inn-hampton-inn-suites,Hampton Inn / Hampton Inn & Suites,hospitality,2026,WI,0,10,171
hand-and-stone-massage-and-facial-spa,Hand and Stone Massage and Facial Spa,fitness-wellness,2026,WI,0,19,126
handyman-connection,Handyman Connection,home-services-handyman,2026,WI,0,4,99
heaven-s-best,Heaven's Best,,2026,WI,0,0,165
heavyweight-waste,Heavyweight Waste,,2026,MN,0,9,48
hello-garage,Hello Garage,home-services-remodeling,2026,MN,0,75,105
hello-sugar,Hello Sugar,,2026,MN,0,70,159
holiday-inn-express,Holiday Inn Express,hospitality,2026,WI,0,7,162
homesmart,HomeSmart,real-estate,2026,WI,0,0,135
hometowne-studios-by-red-roof-hometowne-studios-suites-hometowne-inn-hometown-in,"HomeTowne Studios by Red Roof®, HomeTowne Studios & Suites®, HomeTowne Inn®, HomeTown Inn®",hospitality,2026,WI,0,12,69
homevestors,HomeVestors,real-estate,2026,WI,0,10,165
homewell-care-services,HomeWell Care Services,home-services-senior-care,2026,WI,0,21,27
homewatch-caregivers,Homewatch CareGivers,home-services-senior-care,2026,WI,0,0,0
hooters,Hooters,,2026,WI,0,0,111
hounds-town-usa,Hounds Town USA,,2026,WI,0,9,84
house-doctors,House Doctors,home-services-handyman,2026,WI,0,6,102
housemaster,HouseMaster,home-services-inspection,2026,WI,0,8,135
howard-hanna,Howard Hanna,real-estate,2026,WI,0,0,33
huntington-learning-centers,Huntington Learning Centers,education,2026,WI,0,8,141
image360-signs-by-tomorrow-signs-now,Image360 / Signs By Tomorrow / Signs Now,,2026,WI,0,5,117
insulation-commandos,Insulation Commandos,home-services-remodeling,2026,WI,0,23,31
jdog-junk-removal-hauling,JDog Junk Removal & Hauling,pet-services,2026,WI,0,0,108
jersey-mike-s,JERSEY MIKE'S,food-quick-service,2026,WI,0,1,162
jamba,Jamba,,2026,WI,0,0,129
jazzercise,Jazzercise,,2026,MN,0,0,165
junk-king,Junk King,home-services-moving,2026,WI,0,16,126
keller-williams-realty,KELLER WILLIAMS® REALTY,real-estate,2026,WI,0,0,165
kfc,KFC,food-quick-service,2026,WI,0,1,9
kitchen-tune-up,KITCHEN TUNE-UP,home-services-remodeling,2026,WI,0,1,135
keyrenter,Keyrenter,property-management,2026,WI,0,9,96
kiddie-academy,Kiddie Academy,,2026,WI,0,15,132
kitchen-guard,Kitchen Guard,home-services-remodeling,2026,WI,0,14,39
koala-insulation,Koala Insulation,home-services-remodeling,2026,WI,0,8,126
kumon,Kumon,education,2026,WI,0,0,162
la-quinta-by-wyndham,La Quinta by Wyndham,hospitality,2026,WI,0,0,159
lawn-pride,Lawn Pride,home-services-outdoor,2026,WI,0,14,40
lawn-squad,Lawn Squad,home-services-outdoor,2026,WI,0,17,29
lee-s-sandwiches,Lee's Sandwiches,food-quick-service,2026,MN,0,0,39
liberty-tax-service,Liberty Tax Service,tax-financial,2026,MN,0,2,165
lightbridge-academy,Lightbridge Academy,,2026,WI,0,13,48
lightspeed-restoration,Lightspeed Restoration,home-services-restoration,2026,WI,0,11,54
linc-service,Linc Service,home-services-hvac,2026,WI,0,1,126
molly-maid,MOLLY MAID,home-services-cleaning,2026,WI,0,17,132
mooyah,MOOYAH,,2026,MN,0,5,84
mosquito-shield,MOSQUITO SHIELD,home-services-outdoor,2026,WI,0,4,114
mac-tools,Mac Tools,retail-services,2026,MN,0,32,162
maid-right,Maid Right,home-services-cleaning,2026,WI,0,0,63
maidpro,MaidPro,home-services-cleaning,2026,WI,0,0,129
manchu-wok,Manchu Wok,,2026,MN,0,0,45
marco-s-pizza,Marco's Pizza,food-quick-service,2026,MN,0,8,117
massage-envy,Massage Envy,fitness-wellness,2026,WI,0,15,159
matco-tools,Matco Tools,retail-services,2026,MN,0,0,162
mathnasium,Mathnasium,education,2026,WI,0,0,150
maui-wowi,Maui Wowi,,2026,MN,0,0,117
mcdonald-s,McDonald's,food-quick-service,2026,WI,0,3,165
men-in-kilts,Men In Kilts,,2026,MN,0,20,51
menchie-s,Menchie's,,2026,MN,0,11,126
midas,Midas,,2026,MN,0,10,159
mighty-dog-roofing,Mighty Dog Roofing,pet-services,2026,MN,0,17,117
minuteman-press,Minuteman Press,,2026,WI,0,0,0
miracle-method,Miracle Method,,2026,MN,0,6,84
more-space-place,More Space Place,home-services-outdoor,2026,MN,0,10,39
mosquito-authority,Mosquito Authority,home-services-outdoor,2026,WI,0,18,135
mosquito-joe,Mosquito Joe,home-services-outdoor,2026,WI,0,7,132
motel-6,Motel 6,hospitality,2026,MN,0,6,162
mr-handyman,Mr. Handyman,home-services-handyman,2026,WI,0,6,132
mr-rooter,Mr. Rooter,home-services-plumbing,2026,WI,0,7,141
mr-transmission-milex-complete-auto-care,Mr. Transmission / Milex Complete Auto Care,automotive-services,2026,WI,0,8,81
orangetheory,ORANGETHEORY,fitness-wellness,2026,WI,0,0,165
oasis-senior-advisors,Oasis Senior Advisors,home-services-senior-care,2026,MN,0,13,114
oxi-fresh-carpet-cleaning,Oxi Fresh Carpet Cleaning,home-services-cleaning,2026,MN,0,18,159
pancheros,PANCHEROS,,2026,MN,0,8,51
pj-s-coffee-of-new-orleans,PJ's Coffee of New Orleans,food-quick-service,2026,MN,0,22,69
pmi,PMI,property-management,2026,WI,0,17,159
padgett-business-services,Padgett Business Services,,2026,MN,0,17,141
panda-express,Panda Express,,2026,MN,0,8,123
papa-johns,Papa Johns,,2026,MN,0,36,165
papa-murphy-s,Papa Murphy's,,2026,MN,0,36,120
paris-baguette,Paris Baguette,,2026,MN,0,13,93
paymore,PayMore,,2026,MN,0,6,99
peet-s-coffee,Peet's Coffee,food-quick-service,2026,MN,0,8,12
pestmaster,Pestmaster,home-services-outdoor,2026,MN,0,8,96
petland,Petland,,2026,WI,0,2,84
pinkberry,Pinkberry,,2026,MN,0,3,57
pizza-hut,Pizza Hut,food-quick-service,2026,WI,0,0,0
pizza-ranch,Pizza Ranch,food-quick-service,2026,MN,0,23,60
planet-smoothie,Planet Smoothie,food-quick-service,2026,MN,0,4,111
plumbing-paramedics,Plumbing Paramedics,home-services-plumbing,2026,MN,0,6,21
popeyes-louisiana-kitchen,Popeyes Louisiana Kitchen,home-services-remodeling,2026,WI,0,29,0
primrose-schools,Primrose Schools,education,2026,WI,0,28,120
pure-barre,Pure Barre,fitness-wellness,2026,MN,0,49,159
rakkan-ramen,RAKKAN Ramen,food-quick-service,2026,MN,0,1,30
remax,REMAX,real-estate,2026,WI,0,0,162
radisson-individuals,Radisson Individuals,hospitality,2026,MN,0,0,18
red-mango,Red Mango,,2026,MN,0,2,45
red-roof-inn,Red Roof Inn,hospitality,2026,WI,0,36,138
right-at-home,Right at Home,home-services-senior-care,2026,MN,0,50,0
rocket-fizz,Rocket Fizz,,2026,MN,0,15,105
roto-rooter,Roto-Rooter,home-services-plumbing,2026,WI,0,0,162
rusty-taco,Rusty Taco,food-quick-service,2026,MN,0,5,57
synergy-homecare,SYNERGY HomeCare,,2026,MN,0,16,0
samurai-sam-s-teriyaki-grill,Samurai Sam's Teriyaki Grill,food-quick-service,2026,MN,0,1,27
school-of-rock,School of Rock,,2026,MN,0,0,0
scooter-s-coffee,Scooter's Coffee,food-quick-service,2026,MN,0,67,111
servpro,Servpro,home-services-restoration,2026,WI,0,0,162
sharetea,Sharetea,food-quick-service,2026,MN,0,0,99
sir-grout,Sir Grout,,2026,MN,0,8,90
sir-speedy,Sir Speedy,,2026,MN,0,5,108
smash-my-trash,Smash My Trash,,2026,MN,0,1,132
smoothie-factory,Smoothie Factory,food-quick-service,2026,MN,0,2,21
smoothie-king,Smoothie King,food-quick-service,2026,WI,0,37,125
snap-on,Snap-on,retail-services,2026,WI,0,9,165
soccer-shots,Soccer Shots,,2026,MN,0,0,135
soccer-stars,Soccer Stars,,2026,MN,0,63,108
sonic,Sonic,food-quick-service,2026,WI,0,7,153
sotheby-s-international-realty,Sotheby's International Realty,real-estate,2026,WI,0,0,150
speedee-oil-change-auto-service,SpeeDee Oil Change & Auto Service,automotive-services,2026,MN,0,48,45
speed-queen,Speed Queen,dry-cleaning,2026,MN,0,16,36
spherion,Spherion,staffing-employment,2026,WI,0,12,126
springgreen,SpringGreen,home-services-outdoor,2026,MN,0,17,87
stanley-steemer,Stanley Steemer,home-services-cleaning,2026,MN,0,11,147
stretch-zone,Stretch Zone,,2026,WI,0,0,0
stretchlab,StretchLab,,2026,MN,0,55,147
studio-6-plus,Studio 6 Plus,hospitality,2026,MN,0,0,12
subway,Subway,food-quick-service,2026,WI,0,0,165
super-8,Super 8,,2026,WI,0,0,159
surestay-collection-by-best-western,SureStay Collection by Best Western,,2026,WI,0,0,48
the-patch-boys,THE PATCH BOYS,home-services-handyman,2026,WI,0,17,51
tryp-by-wyndham,TRYP by Wyndham,hospitality,2026,WI,0,0,30
taco-bell-express,Taco Bell Express,food-quick-service,2026,WI,0,0,0
taco-john-s,Taco John's,food-quick-service,2026,MN,0,15,81
tacotime,TacoTime,food-quick-service,2026,MN,0,4,45
teriyaki-madness,Teriyaki Madness,,2026,MN,0,109,135
thai-express,Thai Express,,2026,MN,0,0,30
the-camp-transformation-center,The Camp Transformation Center,,2026,MN,0,12,45
the-goddard-school,The Goddard School,education,2026,WI,0,0,126
the-lash-lounge,The Lash Lounge,,2026,MN,0,8,108
the-maids,The Maids,home-services-cleaning,2026,WI,0,13,144
the-original-pancake-house,The Original Pancake House,,2026,MN,0,0,96
the-ups-store,The UPS Store,retail-services,2026,WI,0,9,162
tim-hortons,Tim Hortons,,2026,WI,0,0,0
tint-world,Tint World,,2026,MN,0,25,120
toppers-pizza,Toppers Pizza,food-quick-service,2026,WI,0,12,45
tropical-smoothie-cafe,Tropical Smoothie Cafe,food-quick-service,2026,MN,0,27,165
trublue-home-service-ally,TruBlue Home Service Ally,,2026,MN,0,6,120
two-maids,Two Maids,home-services-cleaning,2026,WI,0,19,120
two-men-and-a-junk-truck,Two Men and a Junk Truck,home-services-moving,2026,WI,0,20,63
u-s-lawns,U.S. Lawns,home-services-outdoor,2026,WI,0,14,126
ubreakifix-by-asurion,UBREAKIFIX BY ASURION,,2026,MN,0,6,147
urban-air-adventure-park,Urban Air Adventure Park,,2026,MN,0,12,132
v-s-barbershop,V's Barbershop,salon-beauty,2026,MN,0,6,69
vanguard-cleaning-systems,Vanguard Cleaning Systems,home-services-cleaning,2026,MN,0,5,105
village-inn,Village Inn,hospitality,2026,MN,0,3,66
visiting-angels,Visiting Angels,home-services-senior-care,2026,MN,0,2,165
wnw,WNW,,2026,MN,0,16,48
wavemax-laundry,WaveMAX Laundry,dry-cleaning,2026,MN,0,10,78
wayback-burgers,Wayback Burgers,food-quick-service,2026,MN,0,0,117
weed-man,Weed Man,home-services-outdoor,2026,WI,0,8,165
weichert,Weichert,real-estate,2026,WI,0,0,144
wendy-s,Wendy's,food-quick-service,2026,WI,0,11,162
wetzel-s-pretzels,Wetzel's Pretzels,,2026,MN,0,17,108
window-world,Window World,home-services-remodeling,2026,MN,0,10,150
wings-etc,Wings Etc.,,2026,MN,0,70,57
wingstop,Wingstop,,2026,WI,0,3,156
winzer,Winzer,b2b-supplies,2026,WI,0,0,0
wireless-zone,Wireless Zone,,2026,WI,0,62,114
world-gym,World Gym,fitness-wellness,2026,MN,0,0,54
yoga-six,Yoga Six,fitness-wellness,2026,MN,0,55,114
zips-cleaners,ZIPS Cleaners,home-services-cleaning,2026,MN,0,16,45
zerorez,Zerorez,,2026,MN,0,6,108
ziggi-s-coffee,Ziggi's Coffee,food-quick-service,2026,MN,0,54,90
everbowl,everbowl,,2026,MN,0,8,96
i9-sports,i9 Sports,,2026,MN,0,38,129
sweetfrog,sweetFrog,,2026,MN,0,3,78
1-800-got-junk,1-800-GOT-JUNK?,home-services-moving,2025,WI,1,27,147
101-mobility,101 MOBILITY,mobility-accessibility,2025,WI,1,8,126
7-brew,7 BREW,,2025,WI,1,12,105
a-place-at-home,A Place At Home,,2025,MN,1,18,63
aaac-wildlife-removal,AAAC Wildlife Removal,pet-services,2025,WI,1,4,60
amramp,AMRAMP,mobility-accessibility,2025,WI,1,2,111
aire-master,Aire-Master,home-services-hvac,2025,WI,1,6,9
alair-homes,Alair Homes,home-services-remodeling,2025,WI,1,0,51
aqua-tots-swim-school,Aqua-Tots Swim School,,2025,MN,1,0,93
arthur-murray-dance-studio,Arthur Murray Dance Studio,,2025,MN,1,22,117
bath-fitter,Bath Fitter,home-services-remodeling,2025,WI,1,0,117
bento-sushi,Bento Sushi,food-quick-service,2025,MN,1,0,99
big-o-tires,Big O Tires,automotive-services,2025,WI,1,5,84
bloomin-blinds,Bloomin' Blinds,home-services-remodeling,2025,MN,1,28,111
carstar,CARSTAR,automotive-services,2025,WI,1,0,135
core-group-restoration,CORE Group Restoration,home-services-restoration,2025,WI,1,0,147
club-pilates,Club Pilates,fitness-wellness,2025,MN,1,95,156
cost-cutters,Cost Cutters,salon-beauty,2025,WI,1,4,120
critter-control,Critter Control,pet-services,2025,WI,1,9,108
do-it-best,Do it Best,,2025,MN,1,0,162
dryvebox,Dryvebox,home-services-moving,2025,WI,1,0,51
exit-realty-upper-midwest,EXIT Realty Upper Midwest,real-estate,2025,WI,1,0,147
edible-arrangements,Edible Arrangements,,2025,WI,1,2,156
el-pollo-loco,El Pollo Loco,,2025,MN,1,45,33
enviro-master,Enviro-Master,home-services-hvac,2025,WI,1,4,126
fantastic-sams,Fantastic Sams,salon-beauty,2025,WI,1,0,27
fatburger,Fatburger,food-quick-service,2025,MN,1,54,60
fazoli-s,Fazoli's,,2025,MN,1,32,96
five-guys,Five Guys,,2025,WI,1,0,156
fleet-feet,Fleet Feet,,2025,MN,1,9,120
garage-living,Garage Living,home-services-remodeling,2025,WI,1,0,87
gong-cha,Gong cha,,2025,MN,1,5,78
great-american-cookies,Great American Cookies,food-quick-service,2025,MN,1,63,111
gyu-kaku,Gyu-Kaku,,2025,MN,1,0,60
h-r-block,H&R Block,tax-financial,2025,WI,1,0,165
hardee-s,Hardee's,food-quick-service,2025,MN,1,2,105
hot-dog-on-a-stick,Hot Dog on a Stick,pet-services,2025,MN,1,36,24
jan-pro-cleaning-disinfecting,Jan-Pro Cleaning & Disinfecting,home-services-cleaning,2025,WI,1,0,165
kilwins,Kilwins,,2025,MN,1,16,99
lawn-doctor,Lawn Doctor,home-services-outdoor,2025,WI,1,24,135
maaco,Maaco,automotive-services,2025,WI,1,14,147
mad-science,Mad Science,,2025,WI,1,11,93
marble-slab-creamery,Marble Slab Creamery,,2025,MN,1,45,75
martinizing,Martinizing,dry-cleaning,2025,WI,1,0,0
massageluxe,MassageLuXe,fitness-wellness,2025,MN,1,69,72
mastercare,Mastercare,home-services-handyman,2025,WI,1,0,15
meineke,Meineke,,2025,MN,1,50,153
merry-maids,Merry Maids,home-services-cleaning,2025,WI,1,26,150
modern-purair,Modern PURAIR,home-services-cleaning,2025,WI,1,0,12
motto-mortgage,Motto Mortgage,,2025,MN,1,0,147
office-evolution,Office Evolution,,2025,MN,1,8,90
perkins-restaurant-and-bakery,Perkins Restaurant and Bakery,food-quick-service,2025,MN,1,56,102
planet-fitness,Planet Fitness,fitness-wellness,2025,WI,1,15,165
pretzelmaker,Pretzelmaker,,2025,MN,1,36,123
priceless-car-truck-rental,Priceless Car & Truck Rental,automotive-services,2025,WI,1,5,48
puroclean,PuroClean,home-services-cleaning,2025,MN,1,4,144
quiznos,QUIZNOS,,2025,WI,1,0,129
re-bath,Re-Bath,home-services-remodeling,2025,MN,1,12,156
regus,Regus,,2025,MN,1,14,30
roosters-men-s-grooming-center,Roosters Men's Grooming Center,pet-services,2025,MN,1,4,93
row-house,Row House,,2025,WI,1,1,93
service-experts,Service Experts,home-services-hvac,2025,MN,1,0,12
smartstyle,SmartStyle,salon-beauty,2025,MN,1,0,156
snap-fitness,Snap Fitness,fitness-wellness,2025,WI,1,0,153
snelling,Snelling,,2025,MN,1,0,94
supercuts,Supercuts,salon-beauty,2025,MN,1,4,159
tgi-fridays,TGI Fridays,,2025,MN,1,8,99
take-5-oil-change,Take 5 Oil Change,automotive-services,2025,MN,1,38,126
the-standardx,The StandardX,,2025,WI,1,0,12
tuffy,Tuffy,real-estate,2025,WI,1,0,63
valvoline-instant-oil-change,Valvoline Instant Oil Change,automotive-services,2025,WI,1,21,150
venture-x,Venture X,,2025,MN,1,13,60
we-insure,We Insure,,2025,MN,1,0,111
young-rembrandts,Young Rembrandts,,2025,MN,1,6,81
arby-s,Arby's,food-quick-service,2024,MN,2,11,156
bojangles,Bojangles,,2024,MN,2,15,9
carl-s-jr,Carl's Jr.,food-quick-service,2024,MN,2,1,60
circle-k,Circle K,retail-services,2024,MN,2,23,36
city-express-by-marriott,City Express by Marriott,hospitality,2024,MN,2,0,12
code-ninjas,Code Ninjas,education,2024,MN,2,56,126
honest1,Honest1,automotive-services,2024,MN,2,2,75
ihop,IHOP,,2024,MN,2,14,174
jackson-hewitt-tax-service,Jackson Hewitt Tax Service,tax-financial,2024,MN,2,3,150
massage-heights,Massage Heights,fitness-wellness,2024,MN,2,21,69
mrs-fields,Mrs. Fields,,2024,MN,2,19,160
outback-steakhouse,Outback Steakhouse,food-quick-service,2024,MN,2,0,66
petsmart-veterinary-services,PetSmart Veterinary Services,pet-services,2024,MN,2,0,57
qdoba,Qdoba,,2024,MN,2,18,141
restoration-1,Restoration 1,home-services-restoration,2024,MN,2,40,138
sylvan-learning,Sylvan Learning,education,2024,MN,2,5,159
waterwalk-mb,WaterWalk MB,,2024,MN,2,0,21
waxing-the-city,Waxing the City,,2024,MN,2,13,156
crumbl,Crumbl,food-quick-service,2023,WI,3,3,162
advantaclean,ADVANTACLEAN,home-services-cleaning,0,WI,999,0,120
johnny-rockets,Johnny Rockets,,0,MN,999,18,96
the-mosquito-sheriff,The Mosquito Sheriff,home-services-outdoor,0,WI,999,0,27
